{
  "size": [
    384,
    384
  ],
  "cell": [
    128,
    128
  ],
  "sprites": {
    "fruit_45": {
      "source": "T_fruit_45.png",
      "rect": [
        0,
        0,
        128,
        128
      ],
      "uv": [
        0,
        0,
        0.3333333333333333,
        0.3333333333333333
      ]
    },
    "fruit_46": {
      "source": "T_fruit_46.png",
      "rect": [
        128,
        0,
        128,
        128
      ],
      "uv": [
        0.3333333333333333,
        0,
        0.6666666666666666,
        0.3333333333333333
      ]
    },
    "fruit_48": {
      "source": "T_fruit_48.png",
      "rect": [
        256,
        0,
        128,
        128
      ],
      "uv": [
        0.6666666666666666,
        0,
        1,
        0.3333333333333333
      ]
    },
    "fruit_49": {
      "source": "T_fruit_49.png",
      "rect": [
        0,
        128,
        128,
        128
      ],
      "uv": [
        0,
        0.3333333333333333,
        0.3333333333333333,
        0.6666666666666666
      ]
    },
    "fruit_57": {
      "source": "T_fruit_57.png",
      "rect": [
        128,
        128,
        128,
        128
      ],
      "uv": [
        0.3333333333333333,
        0.3333333333333333,
        0.6666666666666666,
        0.6666666666666666
      ]
    },
    "fruit_60": {
      "source": "T_fruit_60.png",
      "rect": [
        256,
        128,
        128,
        128
      ],
      "uv": [
        0.6666666666666666,
        0.3333333333333333,
        1,
        0.6666666666666666
      ]
    }
  },
  "halves": {
    "fruit_45_left": {
      "rect": [
        0,
        0,
        64,
        128
      ],
      "uv": [
        0,
        0,
        0.16666666666666666,
        0.3333333333333333
      ]
    },
    "fruit_45_right": {
      "rect": [
        64,
        0,
        64,
        128
      ],
      "uv": [
        0.16666666666666666,
        0,
        0.3333333333333333,
        0.3333333333333333
      ]
    },
    "fruit_46_left": {
      "rect": [
        128,
        0,
        64,
        128
      ],
      "uv": [
        0.3333333333333333,
        0,
        0.5,
        0.3333333333333333
      ]
    },
    "fruit_46_right": {
      "rect": [
        192,
        0,
        64,
        128
      ],
      "uv": [
        0.5,
        0,
        0.6666666666666666,
        0.3333333333333333
      ]
    },
    "fruit_48_left": {
      "rect": [
        256,
        0,
        64,
        128
      ],
      "uv": [
        0.6666666666666666,
        0,
        0.8333333333333334,
        0.3333333333333333
      ]
    },
    "fruit_48_right": {
      "rect": [
        320,
        0,
        64,
        128
      ],
      "uv": [
        0.8333333333333334,
        0,
        1,
        0.3333333333333333
      ]
    },
    "fruit_49_left": {
      "rect": [
        0,
        128,
        64,
        128
      ],
      "uv": [
        0,
        0.3333333333333333,
        0.16666666666666666,
        0.6666666666666666
      ]
    },
    "fruit_49_right": {
      "rect": [
        64,
        128,
        64,
        128
      ],
      "uv": [
        0.16666666666666666,
        0.3333333333333333,
        0.3333333333333333,
        0.6666666666666666
      ]
    },
    "fruit_57_left": {
      "rect": [
        128,
        128,
        64,
        128
      ],
      "uv": [
        0.3333333333333333,
        0.3333333333333333,
        0.5,
        0.6666666666666666
      ]
    },
    "fruit_57_right": {
      "rect": [
        192,
        128,
        64,
        128
      ],
      "uv": [
        0.5,
        0.3333333333333333,
        0.6666666666666666,
        0.6666666666666666
      ]
    },
    "fruit_60_left": {
      "rect": [
        256,
        128,
        64,
        128
      ],
      "uv": [
        0.6666666666666666,
        0.3333333333333333,
        0.8333333333333334,
        0.6666666666666666
      ]
    },
    "fruit_60_right": {
      "rect": [
        320,
        128,
        64,
        128
      ],
      "uv": [
        0.8333333333333334,
        0.3333333333333333,
        1,
        0.6666666666666666
      ]
    }
  },
  "hud": {
    "digits": {
      "0": {
        "rect": [
          0,
          256,
          32,
          32
        ],
        "uv": [
          0,
          0.6666666666666666,
          0.08333333333333333,
          0.75
        ]
      },
      "1": {
        "rect": [
          32,
          256,
          32,
          32
        ],
        "uv": [
          0.08333333333333333,
          0.6666666666666666,
          0.16666666666666666,
          0.75
        ]
      },
      "2": {
        "rect": [
          64,
          256,
          32,
          32
        ],
        "uv": [
          0.16666666666666666,
          0.6666666666666666,
          0.25,
          0.75
        ]
      },
      "3": {
        "rect": [
          96,
          256,
          32,
          32
        ],
        "uv": [
          0.25,
          0.6666666666666666,
          0.3333333333333333,
          0.75
        ]
      },
      "4": {
        "rect": [
          128,
          256,
          32,
          32
        ],
        "uv": [
          0.3333333333333333,
          0.6666666666666666,
          0.4166666666666667,
          0.75
        ]
      },
      "5": {
        "rect": [
          160,
          256,
          32,
          32
        ],
        "uv": [
          0.4166666666666667,
          0.6666666666666666,
          0.5,
          0.75
        ]
      },
      "6": {
        "rect": [
          192,
          256,
          32,
          32
        ],
        "uv": [
          0.5,
          0.6666666666666666,
          0.5833333333333334,
          0.75
        ]
      },
      "7": {
        "rect": [
          224,
          256,
          32,
          32
        ],
        "uv": [
          0.5833333333333334,
          0.6666666666666666,
          0.6666666666666666,
          0.75
        ]
      },
      "8": {
        "rect": [
          256,
          256,
          32,
          32
        ],
        "uv": [
          0.6666666666666666,
          0.6666666666666666,
          0.75,
          0.75
        ]
      },
      "9": {
        "rect": [
          288,
          256,
          32,
          32
        ],
        "uv": [
          0.75,
          0.6666666666666666,
          0.8333333333333334,
          0.75
        ]
      }
    },
    "letters": {
      "G": {
        "rect": [
          0,
          352,
          32,
          32
        ],
        "uv": [
          0,
          0.9166666666666666,
          0.08333333333333333,
          1
        ]
      },
      "A": {
        "rect": [
          32,
          352,
          32,
          32
        ],
        "uv": [
          0.08333333333333333,
          0.9166666666666666,
          0.16666666666666666,
          1
        ]
      },
      "M": {
        "rect": [
          64,
          352,
          32,
          32
        ],
        "uv": [
          0.16666666666666666,
          0.9166666666666666,
          0.25,
          1
        ]
      },
      "E": {
        "rect": [
          96,
          352,
          32,
          32
        ],
        "uv": [
          0.25,
          0.9166666666666666,
          0.3333333333333333,
          1
        ]
      },
      "O": {
        "rect": [
          128,
          352,
          32,
          32
        ],
        "uv": [
          0.3333333333333333,
          0.9166666666666666,
          0.4166666666666667,
          1
        ]
      },
      "V": {
        "rect": [
          160,
          352,
          32,
          32
        ],
        "uv": [
          0.4166666666666667,
          0.9166666666666666,
          0.5,
          1
        ]
      },
      "R": {
        "rect": [
          192,
          352,
          32,
          32
        ],